arm	model	n_seeds	AUROC	AUPRC	P@50	P@100	mean_seconds
cooc	heur_adamic_adar	1	0.578	0.093	0.380	0.330	0
cooc	heur_degree	1	0.594	0.082	0.280	0.320	0
cooc	heur_ppr	1	0.594	0.094	0.440	0.330	0
cooc	heur_random	1	0.491	0.020	0.000	0.000	0
cooc	rgat	10	0.587 ± 0.004	0.066 ± 0.006	0.278 ± 0.055	0.254 ± 0.039	88.9
cooc	rgcn	10	0.530 ± 0.032	0.035 ± 0.009	0.148 ± 0.087	0.130 ± 0.058	39.5
cooc	rotate	10	0.598 ± 0.014	0.108 ± 0.002	0.412 ± 0.023	0.343 ± 0.019	141.1
cooc	transe	10	0.574 ± 0.013	0.061 ± 0.008	0.296 ± 0.067	0.231 ± 0.043	97.6
lit	heur_adamic_adar	1	0.527	0.052	0.300	0.200	0
lit	heur_degree	1	0.563	0.067	0.320	0.230	0
lit	heur_ppr	1	0.563	0.072	0.380	0.260	0
lit	heur_random	1	0.491	0.020	0.000	0.000	0
lit	rgat	10	0.489 ± 0.036	0.034 ± 0.011	0.212 ± 0.112	0.166 ± 0.084	24.2
lit	rgcn	10	0.509 ± 0.017	0.031 ± 0.004	0.128 ± 0.037	0.093 ± 0.030	32.0
lit	rotate	10	0.566 ± 0.015	0.064 ± 0.003	0.362 ± 0.022	0.245 ± 0.005	42.2
lit	transe	10	0.520 ± 0.022	0.025 ± 0.002	0.088 ± 0.038	0.066 ± 0.028	36.5
ref_lit	heur_adamic_adar	1	0.635	0.068	0.160	0.190	0
ref_lit	heur_degree	1	0.622	0.034	0.080	0.060	0
ref_lit	heur_ppr	1	0.712	0.076	0.160	0.150	0
ref_lit	heur_random	1	0.491	0.020	0.000	0.000	0
ref_lit	rgat	10	0.762 ± 0.015	0.084 ± 0.010	0.238 ± 0.050	0.194 ± 0.037	382.5
ref_lit	rgcn	10	0.630 ± 0.038	0.044 ± 0.010	0.128 ± 0.056	0.110 ± 0.038	59.6
ref_lit	rotate	10	0.730 ± 0.011	0.104 ± 0.007	0.312 ± 0.051	0.291 ± 0.026	694.2
ref_lit	transe	10	0.648 ± 0.019	0.050 ± 0.010	0.152 ± 0.059	0.136 ± 0.030	469.1
ref_lit_2020	heur_adamic_adar	1	0.586	0.049	0.180	0.150	0
ref_lit_2020	heur_degree	1	0.630	0.034	0.080	0.040	0
ref_lit_2020	heur_ppr	1	0.705	0.065	0.140	0.140	0
ref_lit_2020	heur_random	1	0.491	0.020	0.000	0.000	0
ref_lit_2020	rgat	10	0.725 ± 0.017	0.076 ± 0.008	0.238 ± 0.043	0.214 ± 0.021	265.6
ref_lit_2020	rgcn	10	0.600 ± 0.050	0.039 ± 0.011	0.128 ± 0.080	0.097 ± 0.037	56.8
ref_lit_2020	rotate	10	0.716 ± 0.017	0.090 ± 0.008	0.288 ± 0.054	0.245 ± 0.033	507.8
ref_lit_2020	transe	10	0.614 ± 0.023	0.040 ± 0.007	0.108 ± 0.047	0.105 ± 0.029	339.9
ref_lit_feat	heur_adamic_adar	1	0.635	0.068	0.160	0.190	0
ref_lit_feat	heur_degree	1	0.622	0.034	0.080	0.060	0
ref_lit_feat	heur_ppr	1	0.712	0.076	0.160	0.150	0
ref_lit_feat	heur_random	1	0.491	0.020	0.000	0.000	0
ref_lit_feat	rgat	10	0.761 ± 0.010	0.079 ± 0.006	0.196 ± 0.042	0.161 ± 0.030	392.2
ref_lit_feat	rgcn	10	0.666 ± 0.024	0.047 ± 0.006	0.110 ± 0.054	0.097 ± 0.036	72.7
ref_lit_feat	rotate	10	0.730 ± 0.011	0.104 ± 0.007	0.312 ± 0.051	0.291 ± 0.026	696.1
ref_lit_feat	transe	10	0.647 ± 0.019	0.049 ± 0.009	0.128 ± 0.053	0.130 ± 0.042	465.8
ref_lit+L2 (full graph)	heuristic:random	1	0.491	0.020	0.000	0.000	
ref_lit+L2 (full graph)	heuristic:literature_count	1	0.563	0.067	0.340	0.220	
ref_lit+L2 (full graph)	heuristic:degree	1	0.622	0.034	0.080	0.060	
ref_lit+L2 (full graph)	heuristic:common_neighbours_TBI	1	0.632	0.065	0.140	0.170	
ref_lit+L2 (full graph)	heuristic:adamic_adar_TBI	1	0.635	0.068	0.160	0.190	
ref_lit+L2 (full graph)	heuristic:personalised_pagerank_TBI	1	0.712	0.082	0.220	0.190	
